{
  "is_house": 0.1501830667257309,
  "area_sqft": 0.09427137672901154,
  "total_floors": 0.04300004988908768,
  "bedRoom": 0.04296068847179413,
  "avg_rating": 0.040534455329179764,
  "log_area": 0.03891797363758087,
  "bathroom": 0.03881243243813515,
  "has_servant_room": 0.024735933169722557,
  "has_metro_nearby": 0.02388453111052513,
  "has_airport_nearby": 0.020831601694226265,
  "furnish_score": 0.0160093791782856,
  "floor_pos": 0.013724610209465027,
  "has_hospital_nearby": 0.012137871235609055,
  "balcony": 0.011793097481131554,
  "has_mall_nearby": 0.010763803496956825,
  "sector_encoded": 0.009528922848403454,
  "age_bucket": 0.009506767615675926,
  "relative_floor": 0.008037781342864037,
  "amenity_score": 0.007431954611092806,
  "facing_score": 0.006905209273099899,
  "has_school_nearby": 0.00684086000546813,
  "bath_per_bed": 0.005509944632649422,
  "has_study_room": 0.002566337352618575,
  "has_rating": 0.0022978107444941998,
  "has_store_room": 0.002261513378471136,
  "has_pooja_room": 0.002162887481972575
}