{
  "is_house": 0.19300711154937744,
  "area_sqft": 0.12969039380550385,
  "avg_rating": 0.04082094877958298,
  "total_floors": 0.04005977511405945,
  "bathroom": 0.03615241497755051,
  "bedRoom": 0.029962880536913872,
  "has_servant_room": 0.027519481256604195,
  "has_airport_nearby": 0.023858556523919106,
  "has_metro_nearby": 0.023166775703430176,
  "furnish_score": 0.017770808190107346,
  "has_mall_nearby": 0.01227784063667059,
  "log_area": 0.011379558593034744,
  "has_hospital_nearby": 0.011173021979629993,
  "age_bucket": 0.010748300701379776,
  "sector_encoded": 0.009236309677362442,
  "balcony": 0.008812164887785912,
  "facing_score": 0.007652285974472761,
  "amenity_score": 0.007225662004202604,
  "has_school_nearby": 0.007133429870009422,
  "relative_floor": 0.0070840404368937016,
  "floor_pos": 0.004910248331725597,
  "bath_per_bed": 0.004619315266609192,
  "has_pooja_room": 0.002341459970921278,
  "has_study_room": 0.0017836099723353982,
  "has_store_room": 0.0017395674949511886,
  "has_rating": 0.0008109183399938047
}